{
  "properties": {
    "connectionReferences": {
      "shared_commondataserviceforapps": {
        "runtimeSource": "embedded",
        "connection": {
          "connectionReferenceLogicalName": "tb_sharedcommondataserviceforapps_0c2da"
        },
        "api": {
          "name": "shared_commondataserviceforapps"
        }
      },
      "shared_office365": {
        "runtimeSource": "invoker",
        "connection": {
          "connectionReferenceLogicalName": "t3_sharedoffice365_817e9"
        },
        "api": {
          "name": "shared_office365"
        }
      }
    },
    "definition": {
      "$schema": "https://schema.management.azure.com/providers/Microsoft.Logic/schemas/2016-06-01/workflowdefinition.json#",
      "contentVersion": "1.0.0.0",
      "parameters": {
        "$connections": {
          "defaultValue": {},
          "type": "Object"
        },
        "$authentication": {
          "defaultValue": {},
          "type": "SecureObject"
        }
      },
      "triggers": {
        "manual": {
          "metadata": {
            "operationMetadataId": "7ea4df6a-e04d-45f6-90d4-bb578b6a74f8"
          },
          "type": "Request",
          "kind": "PowerAppV2",
          "inputs": {
            "schema": {
              "type": "object",
              "properties": {},
              "required": []
            }
          }
        }
      },
      "actions": {
        "Initialize_variable": {
          "runAfter": {},
          "metadata": {
            "operationMetadataId": "2cb44300-24bd-451e-a2b0-3cc78d71e8d2"
          },
          "type": "InitializeVariable",
          "inputs": {
            "variables": [
              {
                "name": "CamperID",
                "type": "string"
              }
            ]
          }
        },
        "Get_a_row_by_ID": {
          "runAfter": {
            "Initialize_variable": [
              "Succeeded"
            ]
          },
          "metadata": {
            "operationMetadataId": "4501a026-912b-474e-ac56-9da2bd7c6f98"
          },
          "type": "OpenApiConnection",
          "inputs": {
            "host": {
              "connectionName": "shared_commondataserviceforapps",
              "operationId": "GetItem",
              "apiId": "/providers/Microsoft.PowerApps/apis/shared_commondataserviceforapps"
            },
            "parameters": {
              "entityName": "t3_campers",
              "recordId": "@variables('CamperID')"
            },
            "authentication": "@parameters('$authentication')"
          }
        },
        "Send_an_email_(V2)": {
          "runAfter": {
            "Get_a_row_by_ID": [
              "Succeeded"
            ]
          },
          "metadata": {
            "operationMetadataId": "3acd0e66-98d2-466d-b0ad-0b2c74f3dde7"
          },
          "type": "OpenApiConnection",
          "inputs": {
            "host": {
              "connectionName": "shared_office365",
              "operationId": "SendEmailV2",
              "apiId": "/providers/Microsoft.PowerApps/apis/shared_office365"
            },
            "parameters": {
              "emailMessage/To": "AditiT1@hexaware.com",
              "emailMessage/Subject": "Camper Details Information",
              "emailMessage/Body": "<p>Camper Information:<br>\n- Full Name: @{outputs('Get_a_row_by_ID')?['body/t3_fullname']}<br>\n- First Name: @{outputs('Get_a_row_by_ID')?['body/t3_firstname']}<br>\n- Last Name: @{outputs('Get_a_row_by_ID')?['body/t3_lastname']}<br>\n- Date of Birth: @{outputs('Get_a_row_by_ID')?['body/t3_dateofbirth']}<br>\n- Age: @{outputs('Get_a_row_by_ID')?['body/t3_age']}<br>\n- Height: @{outputs('Get_a_row_by_ID')?['body/t3_height']}<br>\n- Weight: @{outputs('Get_a_row_by_ID')?['body/t3_weight']}</p>",
              "emailMessage/Importance": "Normal"
            },
            "authentication": "@parameters('$authentication')"
          }
        }
      }
    },
    "templateName": ""
  },
  "schemaVersion": "1.0.0.0"
}